Brost	
Bundespost	
bytost	být
ctižádost	
dobrohost	
dorost	
Frost	
host	
chvost	
Joost	
Jost	
kakost	
kapraďorost	
Keramost	
Kněžmost	
kompost	
kontrapost	
kost	
letorost	
lyrochvost	
mechorost	
monopost	
Most	
most	
myslivost	
nárost	
Nedorost	
nerost	
nespravedlnost	
obrost	
palpost	
Pentecost	
Pentecost	
periost	
permafrost	
podrost	
porost	
post	
Post	
prabytost	
Prost	
Přerost	
přírost	
pseudoudálost	
radost	rád
neradost	nerad
Rost	
samorost	
skvost	
spoluhost	
spravedlnost	
starost-1	starat
starost-2	starý
stížnost	stěžovat
telemost	
Trost	
vašnost	váš
velechvost	
vrtichvost	
výhost	
výrost	
výsost	
Yost	
záležitost	záležet
zárost	
zrost	
žádost	žádat
žalost	žal
